ID;user_ID;site_ID;date;mode;startTime;endTime;notes
d8200000-0000-4000-8000-002026092101;60000000-0000-4000-8000-000000000001;20000000-0000-4000-8000-000000000001;2026-09-21;OFFICE;09:00:00;17:00:00;Demo: autumn work schedule
d8200000-0000-4000-8000-002026092201;60000000-0000-4000-8000-000000000001;20000000-0000-4000-8000-000000000001;2026-09-22;OFFICE;09:00:00;17:00:00;Demo: autumn work schedule
d8200000-0000-4000-8000-002026092301;60000000-0000-4000-8000-000000000001;;2026-09-23;HOME;09:00:00;17:00:00;Demo: autumn work schedule
d8200000-0000-4000-8000-002026092401;60000000-0000-4000-8000-000000000001;20000000-0000-4000-8000-000000000001;2026-09-24;OFFICE;09:00:00;17:00:00;Demo: autumn work schedule
d8200000-0000-4000-8000-002026092501;60000000-0000-4000-8000-000000000001;20000000-0000-4000-8000-000000000001;2026-09-25;OFFICE;09:00:00;17:00:00;Demo: autumn work schedule
d8200000-0000-4000-8000-002026092801;60000000-0000-4000-8000-000000000001;20000000-0000-4000-8000-000000000001;2026-09-28;OFFICE;09:00:00;17:00:00;Demo: autumn work schedule
d8200000-0000-4000-8000-002026092901;60000000-0000-4000-8000-000000000001;20000000-0000-4000-8000-000000000001;2026-09-29;OFFICE;09:00:00;17:00:00;Demo: autumn work schedule
d8200000-0000-4000-8000-002026093001;60000000-0000-4000-8000-000000000001;;2026-09-30;HOME;09:00:00;17:00:00;Demo: autumn work schedule
d8200000-0000-4000-8000-002026100101;60000000-0000-4000-8000-000000000001;20000000-0000-4000-8000-000000000001;2026-10-01;OFFICE;09:00:00;17:00:00;Demo: autumn work schedule
d8200000-0000-4000-8000-002026100201;60000000-0000-4000-8000-000000000001;20000000-0000-4000-8000-000000000001;2026-10-02;OFFICE;09:00:00;17:00:00;Demo: autumn work schedule
d8200000-0000-4000-8000-002026100501;60000000-0000-4000-8000-000000000001;20000000-0000-4000-8000-000000000001;2026-10-05;OFFICE;09:00:00;17:00:00;Demo: autumn work schedule
d8200000-0000-4000-8000-002026100601;60000000-0000-4000-8000-000000000001;20000000-0000-4000-8000-000000000001;2026-10-06;OFFICE;09:00:00;17:00:00;Demo: autumn work schedule
d8200000-0000-4000-8000-002026100701;60000000-0000-4000-8000-000000000001;;2026-10-07;HOME;09:00:00;17:00:00;Demo: autumn work schedule
d8200000-0000-4000-8000-002026100801;60000000-0000-4000-8000-000000000001;20000000-0000-4000-8000-000000000001;2026-10-08;OFFICE;09:00:00;17:00:00;Demo: autumn work schedule
d8200000-0000-4000-8000-002026100901;60000000-0000-4000-8000-000000000001;20000000-0000-4000-8000-000000000001;2026-10-09;OFFICE;09:00:00;17:00:00;Demo: autumn work schedule
d8200000-0000-4000-8000-002026101201;60000000-0000-4000-8000-000000000001;20000000-0000-4000-8000-000000000001;2026-10-12;OFFICE;09:00:00;17:00:00;Demo: autumn work schedule
d8200000-0000-4000-8000-002026101301;60000000-0000-4000-8000-000000000001;20000000-0000-4000-8000-000000000001;2026-10-13;OFFICE;09:00:00;17:00:00;Demo: autumn work schedule
d8200000-0000-4000-8000-002026101401;60000000-0000-4000-8000-000000000001;;2026-10-14;HOME;09:00:00;17:00:00;Demo: autumn work schedule
d8200000-0000-4000-8000-002026101501;60000000-0000-4000-8000-000000000001;20000000-0000-4000-8000-000000000001;2026-10-15;OFFICE;09:00:00;17:00:00;Demo: autumn work schedule
d8200000-0000-4000-8000-002026101601;60000000-0000-4000-8000-000000000001;20000000-0000-4000-8000-000000000001;2026-10-16;OFFICE;09:00:00;17:00:00;Demo: autumn work schedule
d8200000-0000-4000-8000-002026101901;60000000-0000-4000-8000-000000000001;20000000-0000-4000-8000-000000000001;2026-10-19;OFFICE;09:00:00;17:00:00;Demo: autumn work schedule
d8200000-0000-4000-8000-002026102001;60000000-0000-4000-8000-000000000001;20000000-0000-4000-8000-000000000001;2026-10-20;OFFICE;09:00:00;17:00:00;Demo: autumn work schedule
d8200000-0000-4000-8000-002026102101;60000000-0000-4000-8000-000000000001;;2026-10-21;HOME;09:00:00;17:00:00;Demo: autumn work schedule
d8200000-0000-4000-8000-002026102201;60000000-0000-4000-8000-000000000001;20000000-0000-4000-8000-000000000001;2026-10-22;OFFICE;09:00:00;17:00:00;Demo: autumn work schedule
d8200000-0000-4000-8000-002026102301;60000000-0000-4000-8000-000000000001;20000000-0000-4000-8000-000000000001;2026-10-23;OFFICE;09:00:00;17:00:00;Demo: autumn work schedule
d8200000-0000-4000-8000-002026102601;60000000-0000-4000-8000-000000000001;20000000-0000-4000-8000-000000000001;2026-10-26;OFFICE;09:00:00;17:00:00;Demo: autumn work schedule
d8200000-0000-4000-8000-002026102701;60000000-0000-4000-8000-000000000001;20000000-0000-4000-8000-000000000001;2026-10-27;OFFICE;09:00:00;17:00:00;Demo: autumn work schedule
d8200000-0000-4000-8000-002026102801;60000000-0000-4000-8000-000000000001;;2026-10-28;HOME;09:00:00;17:00:00;Demo: autumn work schedule
d8200000-0000-4000-8000-002026102901;60000000-0000-4000-8000-000000000001;20000000-0000-4000-8000-000000000001;2026-10-29;OFFICE;09:00:00;17:00:00;Demo: autumn work schedule
d8200000-0000-4000-8000-002026103001;60000000-0000-4000-8000-000000000001;20000000-0000-4000-8000-000000000001;2026-10-30;OFFICE;09:00:00;17:00:00;Demo: autumn work schedule
d8200000-0000-4000-8000-002026110201;60000000-0000-4000-8000-000000000001;20000000-0000-4000-8000-000000000001;2026-11-02;OFFICE;09:00:00;17:00:00;Demo: autumn work schedule
d8200000-0000-4000-8000-002026110301;60000000-0000-4000-8000-000000000001;20000000-0000-4000-8000-000000000001;2026-11-03;OFFICE;09:00:00;17:00:00;Demo: autumn work schedule
d8200000-0000-4000-8000-002026110401;60000000-0000-4000-8000-000000000001;;2026-11-04;HOME;09:00:00;17:00:00;Demo: autumn work schedule
d8200000-0000-4000-8000-002026110501;60000000-0000-4000-8000-000000000001;20000000-0000-4000-8000-000000000001;2026-11-05;OFFICE;09:00:00;17:00:00;Demo: autumn work schedule
d8200000-0000-4000-8000-002026110601;60000000-0000-4000-8000-000000000001;20000000-0000-4000-8000-000000000001;2026-11-06;OFFICE;09:00:00;17:00:00;Demo: autumn work schedule
d8200000-0000-4000-8000-002026110901;60000000-0000-4000-8000-000000000001;20000000-0000-4000-8000-000000000001;2026-11-09;OFFICE;09:00:00;17:00:00;Demo: autumn work schedule
d8200000-0000-4000-8000-002026111001;60000000-0000-4000-8000-000000000001;20000000-0000-4000-8000-000000000001;2026-11-10;OFFICE;09:00:00;17:00:00;Demo: autumn work schedule
d8200000-0000-4000-8000-002026111101;60000000-0000-4000-8000-000000000001;;2026-11-11;HOME;09:00:00;17:00:00;Demo: autumn work schedule
d8200000-0000-4000-8000-002026111201;60000000-0000-4000-8000-000000000001;20000000-0000-4000-8000-000000000001;2026-11-12;OFFICE;09:00:00;17:00:00;Demo: autumn work schedule
d8200000-0000-4000-8000-002026111301;60000000-0000-4000-8000-000000000001;20000000-0000-4000-8000-000000000001;2026-11-13;OFFICE;09:00:00;17:00:00;Demo: autumn work schedule
d8200000-0000-4000-8000-002026111601;60000000-0000-4000-8000-000000000001;20000000-0000-4000-8000-000000000001;2026-11-16;OFFICE;09:00:00;17:00:00;Demo: autumn work schedule
d8200000-0000-4000-8000-002026111701;60000000-0000-4000-8000-000000000001;20000000-0000-4000-8000-000000000001;2026-11-17;OFFICE;09:00:00;17:00:00;Demo: autumn work schedule
d8200000-0000-4000-8000-002026111801;60000000-0000-4000-8000-000000000001;;2026-11-18;HOME;09:00:00;17:00:00;Demo: autumn work schedule
d8200000-0000-4000-8000-002026111901;60000000-0000-4000-8000-000000000001;20000000-0000-4000-8000-000000000001;2026-11-19;OFFICE;09:00:00;17:00:00;Demo: autumn work schedule
d8200000-0000-4000-8000-002026112001;60000000-0000-4000-8000-000000000001;20000000-0000-4000-8000-000000000001;2026-11-20;OFFICE;09:00:00;17:00:00;Demo: autumn work schedule
d8200000-0000-4000-8000-002026092102;d6100000-0000-4000-8000-000000000001;20000000-0000-4000-8000-000000000001;2026-09-21;OFFICE;09:00:00;17:00:00;Demo: autumn work schedule
d8200000-0000-4000-8000-002026092202;d6100000-0000-4000-8000-000000000001;20000000-0000-4000-8000-000000000001;2026-09-22;OFFICE;09:00:00;17:00:00;Demo: autumn work schedule
d8200000-0000-4000-8000-002026092302;d6100000-0000-4000-8000-000000000001;;2026-09-23;HOME;09:00:00;17:00:00;Demo: autumn work schedule
d8200000-0000-4000-8000-002026092402;d6100000-0000-4000-8000-000000000001;20000000-0000-4000-8000-000000000001;2026-09-24;OFFICE;09:00:00;17:00:00;Demo: autumn work schedule
d8200000-0000-4000-8000-002026092502;d6100000-0000-4000-8000-000000000001;;2026-09-25;HOME;09:00:00;17:00:00;Demo: autumn work schedule
d8200000-0000-4000-8000-002026092802;d6100000-0000-4000-8000-000000000001;20000000-0000-4000-8000-000000000001;2026-09-28;OFFICE;09:00:00;17:00:00;Demo: autumn work schedule
d8200000-0000-4000-8000-002026092902;d6100000-0000-4000-8000-000000000001;20000000-0000-4000-8000-000000000001;2026-09-29;OFFICE;09:00:00;17:00:00;Demo: autumn work schedule
d8200000-0000-4000-8000-002026093002;d6100000-0000-4000-8000-000000000001;;2026-09-30;HOME;09:00:00;17:00:00;Demo: autumn work schedule
d8200000-0000-4000-8000-002026100102;d6100000-0000-4000-8000-000000000001;20000000-0000-4000-8000-000000000001;2026-10-01;OFFICE;09:00:00;17:00:00;Demo: autumn work schedule
d8200000-0000-4000-8000-002026100202;d6100000-0000-4000-8000-000000000001;;2026-10-02;HOME;09:00:00;17:00:00;Demo: autumn work schedule
d8200000-0000-4000-8000-002026100502;d6100000-0000-4000-8000-000000000001;20000000-0000-4000-8000-000000000001;2026-10-05;OFFICE;09:00:00;17:00:00;Demo: autumn work schedule
d8200000-0000-4000-8000-002026100602;d6100000-0000-4000-8000-000000000001;20000000-0000-4000-8000-000000000001;2026-10-06;OFFICE;09:00:00;17:00:00;Demo: autumn work schedule
d8200000-0000-4000-8000-002026100702;d6100000-0000-4000-8000-000000000001;;2026-10-07;HOME;09:00:00;17:00:00;Demo: autumn work schedule
d8200000-0000-4000-8000-002026100802;d6100000-0000-4000-8000-000000000001;20000000-0000-4000-8000-000000000001;2026-10-08;OFFICE;09:00:00;17:00:00;Demo: autumn work schedule
d8200000-0000-4000-8000-002026100902;d6100000-0000-4000-8000-000000000001;;2026-10-09;HOME;09:00:00;17:00:00;Demo: autumn work schedule
d8200000-0000-4000-8000-002026101202;d6100000-0000-4000-8000-000000000001;20000000-0000-4000-8000-000000000001;2026-10-12;OFFICE;09:00:00;17:00:00;Demo: autumn work schedule
d8200000-0000-4000-8000-002026101302;d6100000-0000-4000-8000-000000000001;20000000-0000-4000-8000-000000000001;2026-10-13;OFFICE;09:00:00;17:00:00;Demo: autumn work schedule
d8200000-0000-4000-8000-002026101402;d6100000-0000-4000-8000-000000000001;;2026-10-14;HOME;09:00:00;17:00:00;Demo: autumn work schedule
d8200000-0000-4000-8000-002026101502;d6100000-0000-4000-8000-000000000001;20000000-0000-4000-8000-000000000001;2026-10-15;OFFICE;09:00:00;17:00:00;Demo: autumn work schedule
d8200000-0000-4000-8000-002026101602;d6100000-0000-4000-8000-000000000001;;2026-10-16;HOME;09:00:00;17:00:00;Demo: autumn work schedule
d8200000-0000-4000-8000-002026101902;d6100000-0000-4000-8000-000000000001;20000000-0000-4000-8000-000000000001;2026-10-19;OFFICE;09:00:00;17:00:00;Demo: autumn work schedule
d8200000-0000-4000-8000-002026102002;d6100000-0000-4000-8000-000000000001;20000000-0000-4000-8000-000000000001;2026-10-20;OFFICE;09:00:00;17:00:00;Demo: autumn work schedule
d8200000-0000-4000-8000-002026102102;d6100000-0000-4000-8000-000000000001;;2026-10-21;HOME;09:00:00;17:00:00;Demo: autumn work schedule
d8200000-0000-4000-8000-002026102202;d6100000-0000-4000-8000-000000000001;20000000-0000-4000-8000-000000000001;2026-10-22;OFFICE;09:00:00;17:00:00;Demo: autumn work schedule
d8200000-0000-4000-8000-002026102302;d6100000-0000-4000-8000-000000000001;;2026-10-23;HOME;09:00:00;17:00:00;Demo: autumn work schedule
d8200000-0000-4000-8000-002026102602;d6100000-0000-4000-8000-000000000001;20000000-0000-4000-8000-000000000001;2026-10-26;OFFICE;09:00:00;17:00:00;Demo: autumn work schedule
d8200000-0000-4000-8000-002026102702;d6100000-0000-4000-8000-000000000001;20000000-0000-4000-8000-000000000001;2026-10-27;OFFICE;09:00:00;17:00:00;Demo: autumn work schedule
d8200000-0000-4000-8000-002026102802;d6100000-0000-4000-8000-000000000001;;2026-10-28;HOME;09:00:00;17:00:00;Demo: autumn work schedule
d8200000-0000-4000-8000-002026102902;d6100000-0000-4000-8000-000000000001;20000000-0000-4000-8000-000000000001;2026-10-29;OFFICE;09:00:00;17:00:00;Demo: autumn work schedule
d8200000-0000-4000-8000-002026103002;d6100000-0000-4000-8000-000000000001;;2026-10-30;HOME;09:00:00;17:00:00;Demo: autumn work schedule
d8200000-0000-4000-8000-002026110202;d6100000-0000-4000-8000-000000000001;20000000-0000-4000-8000-000000000001;2026-11-02;OFFICE;09:00:00;17:00:00;Demo: autumn work schedule
d8200000-0000-4000-8000-002026110302;d6100000-0000-4000-8000-000000000001;20000000-0000-4000-8000-000000000001;2026-11-03;OFFICE;09:00:00;17:00:00;Demo: autumn work schedule
d8200000-0000-4000-8000-002026110402;d6100000-0000-4000-8000-000000000001;;2026-11-04;HOME;09:00:00;17:00:00;Demo: autumn work schedule
d8200000-0000-4000-8000-002026110502;d6100000-0000-4000-8000-000000000001;20000000-0000-4000-8000-000000000001;2026-11-05;OFFICE;09:00:00;17:00:00;Demo: autumn work schedule
d8200000-0000-4000-8000-002026110602;d6100000-0000-4000-8000-000000000001;;2026-11-06;HOME;09:00:00;17:00:00;Demo: autumn work schedule
d8200000-0000-4000-8000-002026110902;d6100000-0000-4000-8000-000000000001;20000000-0000-4000-8000-000000000001;2026-11-09;OFFICE;09:00:00;17:00:00;Demo: autumn work schedule
d8200000-0000-4000-8000-002026111002;d6100000-0000-4000-8000-000000000001;20000000-0000-4000-8000-000000000001;2026-11-10;OFFICE;09:00:00;17:00:00;Demo: autumn work schedule
d8200000-0000-4000-8000-002026111102;d6100000-0000-4000-8000-000000000001;;2026-11-11;HOME;09:00:00;17:00:00;Demo: autumn work schedule
d8200000-0000-4000-8000-002026111202;d6100000-0000-4000-8000-000000000001;20000000-0000-4000-8000-000000000001;2026-11-12;OFFICE;09:00:00;17:00:00;Demo: autumn work schedule
d8200000-0000-4000-8000-002026111302;d6100000-0000-4000-8000-000000000001;;2026-11-13;HOME;09:00:00;17:00:00;Demo: autumn work schedule
d8200000-0000-4000-8000-002026111602;d6100000-0000-4000-8000-000000000001;20000000-0000-4000-8000-000000000001;2026-11-16;OFFICE;09:00:00;17:00:00;Demo: autumn work schedule
d8200000-0000-4000-8000-002026111702;d6100000-0000-4000-8000-000000000001;20000000-0000-4000-8000-000000000001;2026-11-17;OFFICE;09:00:00;17:00:00;Demo: autumn work schedule
d8200000-0000-4000-8000-002026111802;d6100000-0000-4000-8000-000000000001;;2026-11-18;HOME;09:00:00;17:00:00;Demo: autumn work schedule
d8200000-0000-4000-8000-002026111902;d6100000-0000-4000-8000-000000000001;20000000-0000-4000-8000-000000000001;2026-11-19;OFFICE;09:00:00;17:00:00;Demo: autumn work schedule
d8200000-0000-4000-8000-002026112002;d6100000-0000-4000-8000-000000000001;;2026-11-20;HOME;09:00:00;17:00:00;Demo: autumn work schedule
d8200000-0000-4000-8000-002026092103;d6100000-0000-4000-8000-000000000002;;2026-09-21;HOME;09:00:00;17:00:00;Demo: autumn work schedule
d8200000-0000-4000-8000-002026092203;d6100000-0000-4000-8000-000000000002;20000000-0000-4000-8000-000000000001;2026-09-22;OFFICE;09:00:00;17:00:00;Demo: autumn work schedule
d8200000-0000-4000-8000-002026092303;d6100000-0000-4000-8000-000000000002;20000000-0000-4000-8000-000000000001;2026-09-23;OFFICE;09:00:00;17:00:00;Demo: autumn work schedule
d8200000-0000-4000-8000-002026092403;d6100000-0000-4000-8000-000000000002;;2026-09-24;HOME;09:00:00;17:00:00;Demo: autumn work schedule
d8200000-0000-4000-8000-002026092503;d6100000-0000-4000-8000-000000000002;20000000-0000-4000-8000-000000000001;2026-09-25;OFFICE;09:00:00;17:00:00;Demo: autumn work schedule
d8200000-0000-4000-8000-002026092803;d6100000-0000-4000-8000-000000000002;;2026-09-28;HOME;09:00:00;17:00:00;Demo: autumn work schedule
d8200000-0000-4000-8000-002026092903;d6100000-0000-4000-8000-000000000002;20000000-0000-4000-8000-000000000001;2026-09-29;OFFICE;09:00:00;17:00:00;Demo: autumn work schedule
d8200000-0000-4000-8000-002026093003;d6100000-0000-4000-8000-000000000002;20000000-0000-4000-8000-000000000001;2026-09-30;OFFICE;09:00:00;17:00:00;Demo: autumn work schedule
d8200000-0000-4000-8000-002026100103;d6100000-0000-4000-8000-000000000002;;2026-10-01;HOME;09:00:00;17:00:00;Demo: autumn work schedule
d8200000-0000-4000-8000-002026100203;d6100000-0000-4000-8000-000000000002;20000000-0000-4000-8000-000000000001;2026-10-02;OFFICE;09:00:00;17:00:00;Demo: autumn work schedule
d8200000-0000-4000-8000-002026100503;d6100000-0000-4000-8000-000000000002;;2026-10-05;HOME;09:00:00;17:00:00;Demo: autumn work schedule
d8200000-0000-4000-8000-002026100603;d6100000-0000-4000-8000-000000000002;20000000-0000-4000-8000-000000000001;2026-10-06;OFFICE;09:00:00;17:00:00;Demo: autumn work schedule
d8200000-0000-4000-8000-002026100703;d6100000-0000-4000-8000-000000000002;20000000-0000-4000-8000-000000000001;2026-10-07;OFFICE;09:00:00;17:00:00;Demo: autumn work schedule
d8200000-0000-4000-8000-002026100803;d6100000-0000-4000-8000-000000000002;;2026-10-08;HOME;09:00:00;17:00:00;Demo: autumn work schedule
d8200000-0000-4000-8000-002026100903;d6100000-0000-4000-8000-000000000002;20000000-0000-4000-8000-000000000001;2026-10-09;OFFICE;09:00:00;17:00:00;Demo: autumn work schedule
d8200000-0000-4000-8000-002026101203;d6100000-0000-4000-8000-000000000002;;2026-10-12;HOME;09:00:00;17:00:00;Demo: autumn work schedule
d8200000-0000-4000-8000-002026101303;d6100000-0000-4000-8000-000000000002;20000000-0000-4000-8000-000000000001;2026-10-13;OFFICE;09:00:00;17:00:00;Demo: autumn work schedule
d8200000-0000-4000-8000-002026101403;d6100000-0000-4000-8000-000000000002;20000000-0000-4000-8000-000000000001;2026-10-14;OFFICE;09:00:00;17:00:00;Demo: autumn work schedule
d8200000-0000-4000-8000-002026101503;d6100000-0000-4000-8000-000000000002;;2026-10-15;HOME;09:00:00;17:00:00;Demo: autumn work schedule
d8200000-0000-4000-8000-002026101603;d6100000-0000-4000-8000-000000000002;20000000-0000-4000-8000-000000000001;2026-10-16;OFFICE;09:00:00;17:00:00;Demo: autumn work schedule
d8200000-0000-4000-8000-002026101903;d6100000-0000-4000-8000-000000000002;;2026-10-19;HOME;09:00:00;17:00:00;Demo: autumn work schedule
d8200000-0000-4000-8000-002026102003;d6100000-0000-4000-8000-000000000002;20000000-0000-4000-8000-000000000001;2026-10-20;OFFICE;09:00:00;17:00:00;Demo: autumn work schedule
d8200000-0000-4000-8000-002026102103;d6100000-0000-4000-8000-000000000002;20000000-0000-4000-8000-000000000001;2026-10-21;OFFICE;09:00:00;17:00:00;Demo: autumn work schedule
d8200000-0000-4000-8000-002026102203;d6100000-0000-4000-8000-000000000002;;2026-10-22;HOME;09:00:00;17:00:00;Demo: autumn work schedule
d8200000-0000-4000-8000-002026102303;d6100000-0000-4000-8000-000000000002;20000000-0000-4000-8000-000000000001;2026-10-23;OFFICE;09:00:00;17:00:00;Demo: autumn work schedule
d8200000-0000-4000-8000-002026102603;d6100000-0000-4000-8000-000000000002;;2026-10-26;HOME;09:00:00;17:00:00;Demo: autumn work schedule
d8200000-0000-4000-8000-002026102703;d6100000-0000-4000-8000-000000000002;20000000-0000-4000-8000-000000000001;2026-10-27;OFFICE;09:00:00;17:00:00;Demo: autumn work schedule
d8200000-0000-4000-8000-002026102803;d6100000-0000-4000-8000-000000000002;20000000-0000-4000-8000-000000000001;2026-10-28;OFFICE;09:00:00;17:00:00;Demo: autumn work schedule
d8200000-0000-4000-8000-002026102903;d6100000-0000-4000-8000-000000000002;;2026-10-29;HOME;09:00:00;17:00:00;Demo: autumn work schedule
d8200000-0000-4000-8000-002026103003;d6100000-0000-4000-8000-000000000002;20000000-0000-4000-8000-000000000001;2026-10-30;OFFICE;09:00:00;17:00:00;Demo: autumn work schedule
d8200000-0000-4000-8000-002026110203;d6100000-0000-4000-8000-000000000002;;2026-11-02;HOME;09:00:00;17:00:00;Demo: autumn work schedule
d8200000-0000-4000-8000-002026110303;d6100000-0000-4000-8000-000000000002;20000000-0000-4000-8000-000000000001;2026-11-03;OFFICE;09:00:00;17:00:00;Demo: autumn work schedule
d8200000-0000-4000-8000-002026110403;d6100000-0000-4000-8000-000000000002;20000000-0000-4000-8000-000000000001;2026-11-04;OFFICE;09:00:00;17:00:00;Demo: autumn work schedule
d8200000-0000-4000-8000-002026110503;d6100000-0000-4000-8000-000000000002;;2026-11-05;HOME;09:00:00;17:00:00;Demo: autumn work schedule
d8200000-0000-4000-8000-002026110603;d6100000-0000-4000-8000-000000000002;20000000-0000-4000-8000-000000000001;2026-11-06;OFFICE;09:00:00;17:00:00;Demo: autumn work schedule
d8200000-0000-4000-8000-002026110903;d6100000-0000-4000-8000-000000000002;;2026-11-09;HOME;09:00:00;17:00:00;Demo: autumn work schedule
d8200000-0000-4000-8000-002026111003;d6100000-0000-4000-8000-000000000002;20000000-0000-4000-8000-000000000001;2026-11-10;OFFICE;09:00:00;17:00:00;Demo: autumn work schedule
d8200000-0000-4000-8000-002026111103;d6100000-0000-4000-8000-000000000002;20000000-0000-4000-8000-000000000001;2026-11-11;OFFICE;09:00:00;17:00:00;Demo: autumn work schedule
d8200000-0000-4000-8000-002026111203;d6100000-0000-4000-8000-000000000002;;2026-11-12;HOME;09:00:00;17:00:00;Demo: autumn work schedule
d8200000-0000-4000-8000-002026111303;d6100000-0000-4000-8000-000000000002;20000000-0000-4000-8000-000000000001;2026-11-13;OFFICE;09:00:00;17:00:00;Demo: autumn work schedule
d8200000-0000-4000-8000-002026111603;d6100000-0000-4000-8000-000000000002;;2026-11-16;HOME;09:00:00;17:00:00;Demo: autumn work schedule
d8200000-0000-4000-8000-002026111703;d6100000-0000-4000-8000-000000000002;20000000-0000-4000-8000-000000000001;2026-11-17;OFFICE;09:00:00;17:00:00;Demo: autumn work schedule
d8200000-0000-4000-8000-002026111803;d6100000-0000-4000-8000-000000000002;20000000-0000-4000-8000-000000000001;2026-11-18;OFFICE;09:00:00;17:00:00;Demo: autumn work schedule
d8200000-0000-4000-8000-002026111903;d6100000-0000-4000-8000-000000000002;;2026-11-19;HOME;09:00:00;17:00:00;Demo: autumn work schedule
d8200000-0000-4000-8000-002026112003;d6100000-0000-4000-8000-000000000002;20000000-0000-4000-8000-000000000001;2026-11-20;OFFICE;09:00:00;17:00:00;Demo: autumn work schedule
d8200000-0000-4000-8000-002026092104;60000000-0000-4000-8000-000000000002;20000000-0000-4000-8000-000000000002;2026-09-21;OFFICE;09:00:00;17:00:00;Demo: autumn work schedule
d8200000-0000-4000-8000-002026092204;60000000-0000-4000-8000-000000000002;20000000-0000-4000-8000-000000000002;2026-09-22;OFFICE;09:00:00;17:00:00;Demo: autumn work schedule
d8200000-0000-4000-8000-002026092304;60000000-0000-4000-8000-000000000002;;2026-09-23;HOME;09:00:00;17:00:00;Demo: autumn work schedule
d8200000-0000-4000-8000-002026092404;60000000-0000-4000-8000-000000000002;20000000-0000-4000-8000-000000000002;2026-09-24;OFFICE;09:00:00;17:00:00;Demo: autumn work schedule
d8200000-0000-4000-8000-002026092504;60000000-0000-4000-8000-000000000002;20000000-0000-4000-8000-000000000002;2026-09-25;OFFICE;09:00:00;17:00:00;Demo: autumn work schedule
d8200000-0000-4000-8000-002026092804;60000000-0000-4000-8000-000000000002;20000000-0000-4000-8000-000000000002;2026-09-28;OFFICE;09:00:00;17:00:00;Demo: autumn work schedule
d8200000-0000-4000-8000-002026092904;60000000-0000-4000-8000-000000000002;20000000-0000-4000-8000-000000000002;2026-09-29;OFFICE;09:00:00;17:00:00;Demo: autumn work schedule
d8200000-0000-4000-8000-002026093004;60000000-0000-4000-8000-000000000002;;2026-09-30;HOME;09:00:00;17:00:00;Demo: autumn work schedule
d8200000-0000-4000-8000-002026100104;60000000-0000-4000-8000-000000000002;20000000-0000-4000-8000-000000000002;2026-10-01;OFFICE;09:00:00;17:00:00;Demo: autumn work schedule
d8200000-0000-4000-8000-002026100204;60000000-0000-4000-8000-000000000002;20000000-0000-4000-8000-000000000002;2026-10-02;OFFICE;09:00:00;17:00:00;Demo: autumn work schedule
d8200000-0000-4000-8000-002026100504;60000000-0000-4000-8000-000000000002;20000000-0000-4000-8000-000000000002;2026-10-05;OFFICE;09:00:00;17:00:00;Demo: autumn work schedule
d8200000-0000-4000-8000-002026100604;60000000-0000-4000-8000-000000000002;20000000-0000-4000-8000-000000000002;2026-10-06;OFFICE;09:00:00;17:00:00;Demo: autumn work schedule
d8200000-0000-4000-8000-002026100704;60000000-0000-4000-8000-000000000002;;2026-10-07;HOME;09:00:00;17:00:00;Demo: autumn work schedule
d8200000-0000-4000-8000-002026100804;60000000-0000-4000-8000-000000000002;20000000-0000-4000-8000-000000000002;2026-10-08;OFFICE;09:00:00;17:00:00;Demo: autumn work schedule
d8200000-0000-4000-8000-002026100904;60000000-0000-4000-8000-000000000002;20000000-0000-4000-8000-000000000002;2026-10-09;OFFICE;09:00:00;17:00:00;Demo: autumn work schedule
d8200000-0000-4000-8000-002026101204;60000000-0000-4000-8000-000000000002;20000000-0000-4000-8000-000000000002;2026-10-12;OFFICE;09:00:00;17:00:00;Demo: autumn work schedule
d8200000-0000-4000-8000-002026101304;60000000-0000-4000-8000-000000000002;20000000-0000-4000-8000-000000000002;2026-10-13;OFFICE;09:00:00;17:00:00;Demo: autumn work schedule
d8200000-0000-4000-8000-002026101404;60000000-0000-4000-8000-000000000002;;2026-10-14;HOME;09:00:00;17:00:00;Demo: autumn work schedule
d8200000-0000-4000-8000-002026101504;60000000-0000-4000-8000-000000000002;20000000-0000-4000-8000-000000000002;2026-10-15;OFFICE;09:00:00;17:00:00;Demo: autumn work schedule
d8200000-0000-4000-8000-002026101604;60000000-0000-4000-8000-000000000002;20000000-0000-4000-8000-000000000002;2026-10-16;OFFICE;09:00:00;17:00:00;Demo: autumn work schedule
d8200000-0000-4000-8000-002026101904;60000000-0000-4000-8000-000000000002;20000000-0000-4000-8000-000000000002;2026-10-19;OFFICE;09:00:00;17:00:00;Demo: autumn work schedule
d8200000-0000-4000-8000-002026102004;60000000-0000-4000-8000-000000000002;20000000-0000-4000-8000-000000000002;2026-10-20;OFFICE;09:00:00;17:00:00;Demo: autumn work schedule
d8200000-0000-4000-8000-002026102104;60000000-0000-4000-8000-000000000002;;2026-10-21;HOME;09:00:00;17:00:00;Demo: autumn work schedule
d8200000-0000-4000-8000-002026102204;60000000-0000-4000-8000-000000000002;20000000-0000-4000-8000-000000000002;2026-10-22;OFFICE;09:00:00;17:00:00;Demo: autumn work schedule
d8200000-0000-4000-8000-002026102304;60000000-0000-4000-8000-000000000002;20000000-0000-4000-8000-000000000002;2026-10-23;OFFICE;09:00:00;17:00:00;Demo: autumn work schedule
d8200000-0000-4000-8000-002026102604;60000000-0000-4000-8000-000000000002;20000000-0000-4000-8000-000000000002;2026-10-26;OFFICE;09:00:00;17:00:00;Demo: autumn work schedule
d8200000-0000-4000-8000-002026102704;60000000-0000-4000-8000-000000000002;20000000-0000-4000-8000-000000000002;2026-10-27;OFFICE;09:00:00;17:00:00;Demo: autumn work schedule
d8200000-0000-4000-8000-002026102804;60000000-0000-4000-8000-000000000002;;2026-10-28;HOME;09:00:00;17:00:00;Demo: autumn work schedule
d8200000-0000-4000-8000-002026102904;60000000-0000-4000-8000-000000000002;20000000-0000-4000-8000-000000000002;2026-10-29;OFFICE;09:00:00;17:00:00;Demo: autumn work schedule
d8200000-0000-4000-8000-002026103004;60000000-0000-4000-8000-000000000002;20000000-0000-4000-8000-000000000002;2026-10-30;OFFICE;09:00:00;17:00:00;Demo: autumn work schedule
d8200000-0000-4000-8000-002026110204;60000000-0000-4000-8000-000000000002;20000000-0000-4000-8000-000000000002;2026-11-02;OFFICE;09:00:00;17:00:00;Demo: autumn work schedule
d8200000-0000-4000-8000-002026110304;60000000-0000-4000-8000-000000000002;20000000-0000-4000-8000-000000000002;2026-11-03;OFFICE;09:00:00;17:00:00;Demo: autumn work schedule
d8200000-0000-4000-8000-002026110404;60000000-0000-4000-8000-000000000002;;2026-11-04;HOME;09:00:00;17:00:00;Demo: autumn work schedule
d8200000-0000-4000-8000-002026110504;60000000-0000-4000-8000-000000000002;20000000-0000-4000-8000-000000000002;2026-11-05;OFFICE;09:00:00;17:00:00;Demo: autumn work schedule
d8200000-0000-4000-8000-002026110604;60000000-0000-4000-8000-000000000002;20000000-0000-4000-8000-000000000002;2026-11-06;OFFICE;09:00:00;17:00:00;Demo: autumn work schedule
d8200000-0000-4000-8000-002026110904;60000000-0000-4000-8000-000000000002;20000000-0000-4000-8000-000000000002;2026-11-09;OFFICE;09:00:00;17:00:00;Demo: autumn work schedule
d8200000-0000-4000-8000-002026111004;60000000-0000-4000-8000-000000000002;20000000-0000-4000-8000-000000000002;2026-11-10;OFFICE;09:00:00;17:00:00;Demo: autumn work schedule
d8200000-0000-4000-8000-002026111104;60000000-0000-4000-8000-000000000002;;2026-11-11;HOME;09:00:00;17:00:00;Demo: autumn work schedule
d8200000-0000-4000-8000-002026111204;60000000-0000-4000-8000-000000000002;20000000-0000-4000-8000-000000000002;2026-11-12;OFFICE;09:00:00;17:00:00;Demo: autumn work schedule
d8200000-0000-4000-8000-002026111304;60000000-0000-4000-8000-000000000002;20000000-0000-4000-8000-000000000002;2026-11-13;OFFICE;09:00:00;17:00:00;Demo: autumn work schedule
d8200000-0000-4000-8000-002026111604;60000000-0000-4000-8000-000000000002;20000000-0000-4000-8000-000000000002;2026-11-16;OFFICE;09:00:00;17:00:00;Demo: autumn work schedule
d8200000-0000-4000-8000-002026111704;60000000-0000-4000-8000-000000000002;20000000-0000-4000-8000-000000000002;2026-11-17;OFFICE;09:00:00;17:00:00;Demo: autumn work schedule
d8200000-0000-4000-8000-002026111804;60000000-0000-4000-8000-000000000002;;2026-11-18;HOME;09:00:00;17:00:00;Demo: autumn work schedule
d8200000-0000-4000-8000-002026111904;60000000-0000-4000-8000-000000000002;20000000-0000-4000-8000-000000000002;2026-11-19;OFFICE;09:00:00;17:00:00;Demo: autumn work schedule
d8200000-0000-4000-8000-002026112004;60000000-0000-4000-8000-000000000002;20000000-0000-4000-8000-000000000002;2026-11-20;OFFICE;09:00:00;17:00:00;Demo: autumn work schedule
d8200000-0000-4000-8000-002026092105;d6100000-0000-4000-8000-000000000003;20000000-0000-4000-8000-000000000002;2026-09-21;OFFICE;09:00:00;17:00:00;Demo: autumn work schedule
d8200000-0000-4000-8000-002026092205;d6100000-0000-4000-8000-000000000003;20000000-0000-4000-8000-000000000002;2026-09-22;OFFICE;09:00:00;17:00:00;Demo: autumn work schedule
d8200000-0000-4000-8000-002026092305;d6100000-0000-4000-8000-000000000003;;2026-09-23;HOME;09:00:00;17:00:00;Demo: autumn work schedule
d8200000-0000-4000-8000-002026092405;d6100000-0000-4000-8000-000000000003;20000000-0000-4000-8000-000000000002;2026-09-24;OFFICE;09:00:00;17:00:00;Demo: autumn work schedule
d8200000-0000-4000-8000-002026092505;d6100000-0000-4000-8000-000000000003;;2026-09-25;HOME;09:00:00;17:00:00;Demo: autumn work schedule
d8200000-0000-4000-8000-002026092805;d6100000-0000-4000-8000-000000000003;20000000-0000-4000-8000-000000000002;2026-09-28;OFFICE;09:00:00;17:00:00;Demo: autumn work schedule
d8200000-0000-4000-8000-002026092905;d6100000-0000-4000-8000-000000000003;20000000-0000-4000-8000-000000000002;2026-09-29;OFFICE;09:00:00;17:00:00;Demo: autumn work schedule
d8200000-0000-4000-8000-002026093005;d6100000-0000-4000-8000-000000000003;;2026-09-30;HOME;09:00:00;17:00:00;Demo: autumn work schedule
d8200000-0000-4000-8000-002026100105;d6100000-0000-4000-8000-000000000003;20000000-0000-4000-8000-000000000002;2026-10-01;OFFICE;09:00:00;17:00:00;Demo: autumn work schedule
d8200000-0000-4000-8000-002026100205;d6100000-0000-4000-8000-000000000003;;2026-10-02;HOME;09:00:00;17:00:00;Demo: autumn work schedule
d8200000-0000-4000-8000-002026100505;d6100000-0000-4000-8000-000000000003;20000000-0000-4000-8000-000000000002;2026-10-05;OFFICE;09:00:00;17:00:00;Demo: autumn work schedule
d8200000-0000-4000-8000-002026100605;d6100000-0000-4000-8000-000000000003;20000000-0000-4000-8000-000000000002;2026-10-06;OFFICE;09:00:00;17:00:00;Demo: autumn work schedule
d8200000-0000-4000-8000-002026100705;d6100000-0000-4000-8000-000000000003;;2026-10-07;HOME;09:00:00;17:00:00;Demo: autumn work schedule
d8200000-0000-4000-8000-002026100805;d6100000-0000-4000-8000-000000000003;20000000-0000-4000-8000-000000000002;2026-10-08;OFFICE;09:00:00;17:00:00;Demo: autumn work schedule
d8200000-0000-4000-8000-002026100905;d6100000-0000-4000-8000-000000000003;;2026-10-09;HOME;09:00:00;17:00:00;Demo: autumn work schedule
d8200000-0000-4000-8000-002026101205;d6100000-0000-4000-8000-000000000003;20000000-0000-4000-8000-000000000002;2026-10-12;OFFICE;09:00:00;17:00:00;Demo: autumn work schedule
d8200000-0000-4000-8000-002026101305;d6100000-0000-4000-8000-000000000003;20000000-0000-4000-8000-000000000002;2026-10-13;OFFICE;09:00:00;17:00:00;Demo: autumn work schedule
d8200000-0000-4000-8000-002026101405;d6100000-0000-4000-8000-000000000003;;2026-10-14;HOME;09:00:00;17:00:00;Demo: autumn work schedule
d8200000-0000-4000-8000-002026101505;d6100000-0000-4000-8000-000000000003;20000000-0000-4000-8000-000000000002;2026-10-15;OFFICE;09:00:00;17:00:00;Demo: autumn work schedule
d8200000-0000-4000-8000-002026101605;d6100000-0000-4000-8000-000000000003;;2026-10-16;HOME;09:00:00;17:00:00;Demo: autumn work schedule
d8200000-0000-4000-8000-002026101905;d6100000-0000-4000-8000-000000000003;20000000-0000-4000-8000-000000000002;2026-10-19;OFFICE;09:00:00;17:00:00;Demo: autumn work schedule
d8200000-0000-4000-8000-002026102005;d6100000-0000-4000-8000-000000000003;20000000-0000-4000-8000-000000000002;2026-10-20;OFFICE;09:00:00;17:00:00;Demo: autumn work schedule
d8200000-0000-4000-8000-002026102105;d6100000-0000-4000-8000-000000000003;;2026-10-21;HOME;09:00:00;17:00:00;Demo: autumn work schedule
d8200000-0000-4000-8000-002026102205;d6100000-0000-4000-8000-000000000003;20000000-0000-4000-8000-000000000002;2026-10-22;OFFICE;09:00:00;17:00:00;Demo: autumn work schedule
d8200000-0000-4000-8000-002026102305;d6100000-0000-4000-8000-000000000003;;2026-10-23;HOME;09:00:00;17:00:00;Demo: autumn work schedule
d8200000-0000-4000-8000-002026102605;d6100000-0000-4000-8000-000000000003;20000000-0000-4000-8000-000000000002;2026-10-26;OFFICE;09:00:00;17:00:00;Demo: autumn work schedule
d8200000-0000-4000-8000-002026102705;d6100000-0000-4000-8000-000000000003;20000000-0000-4000-8000-000000000002;2026-10-27;OFFICE;09:00:00;17:00:00;Demo: autumn work schedule
d8200000-0000-4000-8000-002026102805;d6100000-0000-4000-8000-000000000003;;2026-10-28;HOME;09:00:00;17:00:00;Demo: autumn work schedule
d8200000-0000-4000-8000-002026102905;d6100000-0000-4000-8000-000000000003;20000000-0000-4000-8000-000000000002;2026-10-29;OFFICE;09:00:00;17:00:00;Demo: autumn work schedule
d8200000-0000-4000-8000-002026103005;d6100000-0000-4000-8000-000000000003;;2026-10-30;HOME;09:00:00;17:00:00;Demo: autumn work schedule
d8200000-0000-4000-8000-002026110205;d6100000-0000-4000-8000-000000000003;20000000-0000-4000-8000-000000000002;2026-11-02;OFFICE;09:00:00;17:00:00;Demo: autumn work schedule
d8200000-0000-4000-8000-002026110305;d6100000-0000-4000-8000-000000000003;20000000-0000-4000-8000-000000000002;2026-11-03;OFFICE;09:00:00;17:00:00;Demo: autumn work schedule
d8200000-0000-4000-8000-002026110405;d6100000-0000-4000-8000-000000000003;;2026-11-04;HOME;09:00:00;17:00:00;Demo: autumn work schedule
d8200000-0000-4000-8000-002026110505;d6100000-0000-4000-8000-000000000003;20000000-0000-4000-8000-000000000002;2026-11-05;OFFICE;09:00:00;17:00:00;Demo: autumn work schedule
d8200000-0000-4000-8000-002026110605;d6100000-0000-4000-8000-000000000003;;2026-11-06;HOME;09:00:00;17:00:00;Demo: autumn work schedule
d8200000-0000-4000-8000-002026110905;d6100000-0000-4000-8000-000000000003;20000000-0000-4000-8000-000000000002;2026-11-09;OFFICE;09:00:00;17:00:00;Demo: autumn work schedule
d8200000-0000-4000-8000-002026111005;d6100000-0000-4000-8000-000000000003;20000000-0000-4000-8000-000000000002;2026-11-10;OFFICE;09:00:00;17:00:00;Demo: autumn work schedule
d8200000-0000-4000-8000-002026111105;d6100000-0000-4000-8000-000000000003;;2026-11-11;HOME;09:00:00;17:00:00;Demo: autumn work schedule
d8200000-0000-4000-8000-002026111205;d6100000-0000-4000-8000-000000000003;20000000-0000-4000-8000-000000000002;2026-11-12;OFFICE;09:00:00;17:00:00;Demo: autumn work schedule
d8200000-0000-4000-8000-002026111305;d6100000-0000-4000-8000-000000000003;;2026-11-13;HOME;09:00:00;17:00:00;Demo: autumn work schedule
d8200000-0000-4000-8000-002026111605;d6100000-0000-4000-8000-000000000003;20000000-0000-4000-8000-000000000002;2026-11-16;OFFICE;09:00:00;17:00:00;Demo: autumn work schedule
d8200000-0000-4000-8000-002026111705;d6100000-0000-4000-8000-000000000003;20000000-0000-4000-8000-000000000002;2026-11-17;OFFICE;09:00:00;17:00:00;Demo: autumn work schedule
d8200000-0000-4000-8000-002026111805;d6100000-0000-4000-8000-000000000003;;2026-11-18;HOME;09:00:00;17:00:00;Demo: autumn work schedule
d8200000-0000-4000-8000-002026111905;d6100000-0000-4000-8000-000000000003;20000000-0000-4000-8000-000000000002;2026-11-19;OFFICE;09:00:00;17:00:00;Demo: autumn work schedule
d8200000-0000-4000-8000-002026112005;d6100000-0000-4000-8000-000000000003;;2026-11-20;HOME;09:00:00;17:00:00;Demo: autumn work schedule
d8200000-0000-4000-8000-002026092106;d6100000-0000-4000-8000-000000000004;;2026-09-21;HOME;09:00:00;17:00:00;Demo: autumn work schedule
d8200000-0000-4000-8000-002026092206;d6100000-0000-4000-8000-000000000004;20000000-0000-4000-8000-000000000002;2026-09-22;OFFICE;09:00:00;17:00:00;Demo: autumn work schedule
d8200000-0000-4000-8000-002026092306;d6100000-0000-4000-8000-000000000004;20000000-0000-4000-8000-000000000002;2026-09-23;OFFICE;09:00:00;17:00:00;Demo: autumn work schedule
d8200000-0000-4000-8000-002026092406;d6100000-0000-4000-8000-000000000004;;2026-09-24;HOME;09:00:00;17:00:00;Demo: autumn work schedule
d8200000-0000-4000-8000-002026092506;d6100000-0000-4000-8000-000000000004;20000000-0000-4000-8000-000000000002;2026-09-25;OFFICE;09:00:00;17:00:00;Demo: autumn work schedule
d8200000-0000-4000-8000-002026092806;d6100000-0000-4000-8000-000000000004;;2026-09-28;HOME;09:00:00;17:00:00;Demo: autumn work schedule
d8200000-0000-4000-8000-002026092906;d6100000-0000-4000-8000-000000000004;20000000-0000-4000-8000-000000000002;2026-09-29;OFFICE;09:00:00;17:00:00;Demo: autumn work schedule
d8200000-0000-4000-8000-002026093006;d6100000-0000-4000-8000-000000000004;20000000-0000-4000-8000-000000000002;2026-09-30;OFFICE;09:00:00;17:00:00;Demo: autumn work schedule
d8200000-0000-4000-8000-002026100106;d6100000-0000-4000-8000-000000000004;;2026-10-01;HOME;09:00:00;17:00:00;Demo: autumn work schedule
d8200000-0000-4000-8000-002026100206;d6100000-0000-4000-8000-000000000004;20000000-0000-4000-8000-000000000002;2026-10-02;OFFICE;09:00:00;17:00:00;Demo: autumn work schedule
d8200000-0000-4000-8000-002026100506;d6100000-0000-4000-8000-000000000004;;2026-10-05;HOME;09:00:00;17:00:00;Demo: autumn work schedule
d8200000-0000-4000-8000-002026100606;d6100000-0000-4000-8000-000000000004;20000000-0000-4000-8000-000000000002;2026-10-06;OFFICE;09:00:00;17:00:00;Demo: autumn work schedule
d8200000-0000-4000-8000-002026100706;d6100000-0000-4000-8000-000000000004;20000000-0000-4000-8000-000000000002;2026-10-07;OFFICE;09:00:00;17:00:00;Demo: autumn work schedule
d8200000-0000-4000-8000-002026100806;d6100000-0000-4000-8000-000000000004;;2026-10-08;HOME;09:00:00;17:00:00;Demo: autumn work schedule
d8200000-0000-4000-8000-002026100906;d6100000-0000-4000-8000-000000000004;20000000-0000-4000-8000-000000000002;2026-10-09;OFFICE;09:00:00;17:00:00;Demo: autumn work schedule
d8200000-0000-4000-8000-002026101206;d6100000-0000-4000-8000-000000000004;;2026-10-12;HOME;09:00:00;17:00:00;Demo: autumn work schedule
d8200000-0000-4000-8000-002026101306;d6100000-0000-4000-8000-000000000004;20000000-0000-4000-8000-000000000002;2026-10-13;OFFICE;09:00:00;17:00:00;Demo: autumn work schedule
d8200000-0000-4000-8000-002026101406;d6100000-0000-4000-8000-000000000004;20000000-0000-4000-8000-000000000002;2026-10-14;OFFICE;09:00:00;17:00:00;Demo: autumn work schedule
d8200000-0000-4000-8000-002026101506;d6100000-0000-4000-8000-000000000004;;2026-10-15;HOME;09:00:00;17:00:00;Demo: autumn work schedule
d8200000-0000-4000-8000-002026101606;d6100000-0000-4000-8000-000000000004;20000000-0000-4000-8000-000000000002;2026-10-16;OFFICE;09:00:00;17:00:00;Demo: autumn work schedule
d8200000-0000-4000-8000-002026101906;d6100000-0000-4000-8000-000000000004;;2026-10-19;HOME;09:00:00;17:00:00;Demo: autumn work schedule
d8200000-0000-4000-8000-002026102006;d6100000-0000-4000-8000-000000000004;20000000-0000-4000-8000-000000000002;2026-10-20;OFFICE;09:00:00;17:00:00;Demo: autumn work schedule
d8200000-0000-4000-8000-002026102106;d6100000-0000-4000-8000-000000000004;20000000-0000-4000-8000-000000000002;2026-10-21;OFFICE;09:00:00;17:00:00;Demo: autumn work schedule
d8200000-0000-4000-8000-002026102206;d6100000-0000-4000-8000-000000000004;;2026-10-22;HOME;09:00:00;17:00:00;Demo: autumn work schedule
d8200000-0000-4000-8000-002026102306;d6100000-0000-4000-8000-000000000004;20000000-0000-4000-8000-000000000002;2026-10-23;OFFICE;09:00:00;17:00:00;Demo: autumn work schedule
d8200000-0000-4000-8000-002026102606;d6100000-0000-4000-8000-000000000004;;2026-10-26;HOME;09:00:00;17:00:00;Demo: autumn work schedule
d8200000-0000-4000-8000-002026102706;d6100000-0000-4000-8000-000000000004;20000000-0000-4000-8000-000000000002;2026-10-27;OFFICE;09:00:00;17:00:00;Demo: autumn work schedule
d8200000-0000-4000-8000-002026102806;d6100000-0000-4000-8000-000000000004;20000000-0000-4000-8000-000000000002;2026-10-28;OFFICE;09:00:00;17:00:00;Demo: autumn work schedule
d8200000-0000-4000-8000-002026102906;d6100000-0000-4000-8000-000000000004;;2026-10-29;HOME;09:00:00;17:00:00;Demo: autumn work schedule
d8200000-0000-4000-8000-002026103006;d6100000-0000-4000-8000-000000000004;20000000-0000-4000-8000-000000000002;2026-10-30;OFFICE;09:00:00;17:00:00;Demo: autumn work schedule
d8200000-0000-4000-8000-002026110206;d6100000-0000-4000-8000-000000000004;;2026-11-02;HOME;09:00:00;17:00:00;Demo: autumn work schedule
d8200000-0000-4000-8000-002026110306;d6100000-0000-4000-8000-000000000004;20000000-0000-4000-8000-000000000002;2026-11-03;OFFICE;09:00:00;17:00:00;Demo: autumn work schedule
d8200000-0000-4000-8000-002026110406;d6100000-0000-4000-8000-000000000004;20000000-0000-4000-8000-000000000002;2026-11-04;OFFICE;09:00:00;17:00:00;Demo: autumn work schedule
d8200000-0000-4000-8000-002026110506;d6100000-0000-4000-8000-000000000004;;2026-11-05;HOME;09:00:00;17:00:00;Demo: autumn work schedule
d8200000-0000-4000-8000-002026110606;d6100000-0000-4000-8000-000000000004;20000000-0000-4000-8000-000000000002;2026-11-06;OFFICE;09:00:00;17:00:00;Demo: autumn work schedule
d8200000-0000-4000-8000-002026110906;d6100000-0000-4000-8000-000000000004;;2026-11-09;HOME;09:00:00;17:00:00;Demo: autumn work schedule
d8200000-0000-4000-8000-002026111006;d6100000-0000-4000-8000-000000000004;20000000-0000-4000-8000-000000000002;2026-11-10;OFFICE;09:00:00;17:00:00;Demo: autumn work schedule
d8200000-0000-4000-8000-002026111106;d6100000-0000-4000-8000-000000000004;20000000-0000-4000-8000-000000000002;2026-11-11;OFFICE;09:00:00;17:00:00;Demo: autumn work schedule
d8200000-0000-4000-8000-002026111206;d6100000-0000-4000-8000-000000000004;;2026-11-12;HOME;09:00:00;17:00:00;Demo: autumn work schedule
d8200000-0000-4000-8000-002026111306;d6100000-0000-4000-8000-000000000004;20000000-0000-4000-8000-000000000002;2026-11-13;OFFICE;09:00:00;17:00:00;Demo: autumn work schedule
d8200000-0000-4000-8000-002026111606;d6100000-0000-4000-8000-000000000004;;2026-11-16;HOME;09:00:00;17:00:00;Demo: autumn work schedule
d8200000-0000-4000-8000-002026111706;d6100000-0000-4000-8000-000000000004;20000000-0000-4000-8000-000000000002;2026-11-17;OFFICE;09:00:00;17:00:00;Demo: autumn work schedule
d8200000-0000-4000-8000-002026111806;d6100000-0000-4000-8000-000000000004;20000000-0000-4000-8000-000000000002;2026-11-18;OFFICE;09:00:00;17:00:00;Demo: autumn work schedule
d8200000-0000-4000-8000-002026111906;d6100000-0000-4000-8000-000000000004;;2026-11-19;HOME;09:00:00;17:00:00;Demo: autumn work schedule
d8200000-0000-4000-8000-002026112006;d6100000-0000-4000-8000-000000000004;20000000-0000-4000-8000-000000000002;2026-11-20;OFFICE;09:00:00;17:00:00;Demo: autumn work schedule
d8200000-0000-4000-8000-002026092107;60000000-0000-4000-8000-000000000003;20000000-0000-4000-8000-000000000003;2026-09-21;OFFICE;09:00:00;17:00:00;Demo: autumn work schedule
d8200000-0000-4000-8000-002026092207;60000000-0000-4000-8000-000000000003;;2026-09-22;HOME;09:00:00;17:00:00;Demo: autumn work schedule
d8200000-0000-4000-8000-002026092307;60000000-0000-4000-8000-000000000003;20000000-0000-4000-8000-000000000003;2026-09-23;OFFICE;09:00:00;17:00:00;Demo: autumn work schedule
d8200000-0000-4000-8000-002026092407;60000000-0000-4000-8000-000000000003;20000000-0000-4000-8000-000000000003;2026-09-24;OFFICE;09:00:00;17:00:00;Demo: autumn work schedule
d8200000-0000-4000-8000-002026092507;60000000-0000-4000-8000-000000000003;20000000-0000-4000-8000-000000000003;2026-09-25;OFFICE;09:00:00;17:00:00;Demo: autumn work schedule
d8200000-0000-4000-8000-002026092807;60000000-0000-4000-8000-000000000003;20000000-0000-4000-8000-000000000003;2026-09-28;OFFICE;09:00:00;17:00:00;Demo: autumn work schedule
d8200000-0000-4000-8000-002026092907;60000000-0000-4000-8000-000000000003;;2026-09-29;HOME;09:00:00;17:00:00;Demo: autumn work schedule
d8200000-0000-4000-8000-002026093007;60000000-0000-4000-8000-000000000003;20000000-0000-4000-8000-000000000003;2026-09-30;OFFICE;09:00:00;17:00:00;Demo: autumn work schedule
d8200000-0000-4000-8000-002026100107;60000000-0000-4000-8000-000000000003;20000000-0000-4000-8000-000000000003;2026-10-01;OFFICE;09:00:00;17:00:00;Demo: autumn work schedule
d8200000-0000-4000-8000-002026100207;60000000-0000-4000-8000-000000000003;20000000-0000-4000-8000-000000000003;2026-10-02;OFFICE;09:00:00;17:00:00;Demo: autumn work schedule
d8200000-0000-4000-8000-002026100507;60000000-0000-4000-8000-000000000003;20000000-0000-4000-8000-000000000003;2026-10-05;OFFICE;09:00:00;17:00:00;Demo: autumn work schedule
d8200000-0000-4000-8000-002026100607;60000000-0000-4000-8000-000000000003;;2026-10-06;HOME;09:00:00;17:00:00;Demo: autumn work schedule
d8200000-0000-4000-8000-002026100707;60000000-0000-4000-8000-000000000003;20000000-0000-4000-8000-000000000003;2026-10-07;OFFICE;09:00:00;17:00:00;Demo: autumn work schedule
d8200000-0000-4000-8000-002026100807;60000000-0000-4000-8000-000000000003;20000000-0000-4000-8000-000000000003;2026-10-08;OFFICE;09:00:00;17:00:00;Demo: autumn work schedule
d8200000-0000-4000-8000-002026100907;60000000-0000-4000-8000-000000000003;20000000-0000-4000-8000-000000000003;2026-10-09;OFFICE;09:00:00;17:00:00;Demo: autumn work schedule
d8200000-0000-4000-8000-002026101207;60000000-0000-4000-8000-000000000003;20000000-0000-4000-8000-000000000003;2026-10-12;OFFICE;09:00:00;17:00:00;Demo: autumn work schedule
d8200000-0000-4000-8000-002026101307;60000000-0000-4000-8000-000000000003;;2026-10-13;HOME;09:00:00;17:00:00;Demo: autumn work schedule
d8200000-0000-4000-8000-002026101407;60000000-0000-4000-8000-000000000003;20000000-0000-4000-8000-000000000003;2026-10-14;OFFICE;09:00:00;17:00:00;Demo: autumn work schedule
d8200000-0000-4000-8000-002026101507;60000000-0000-4000-8000-000000000003;20000000-0000-4000-8000-000000000003;2026-10-15;OFFICE;09:00:00;17:00:00;Demo: autumn work schedule
d8200000-0000-4000-8000-002026101607;60000000-0000-4000-8000-000000000003;20000000-0000-4000-8000-000000000003;2026-10-16;OFFICE;09:00:00;17:00:00;Demo: autumn work schedule
d8200000-0000-4000-8000-002026101907;60000000-0000-4000-8000-000000000003;20000000-0000-4000-8000-000000000003;2026-10-19;OFFICE;09:00:00;17:00:00;Demo: autumn work schedule
d8200000-0000-4000-8000-002026102007;60000000-0000-4000-8000-000000000003;;2026-10-20;HOME;09:00:00;17:00:00;Demo: autumn work schedule
d8200000-0000-4000-8000-002026102107;60000000-0000-4000-8000-000000000003;20000000-0000-4000-8000-000000000003;2026-10-21;OFFICE;09:00:00;17:00:00;Demo: autumn work schedule
d8200000-0000-4000-8000-002026102207;60000000-0000-4000-8000-000000000003;20000000-0000-4000-8000-000000000003;2026-10-22;OFFICE;09:00:00;17:00:00;Demo: autumn work schedule
d8200000-0000-4000-8000-002026102307;60000000-0000-4000-8000-000000000003;20000000-0000-4000-8000-000000000003;2026-10-23;OFFICE;09:00:00;17:00:00;Demo: autumn work schedule
d8200000-0000-4000-8000-002026102607;60000000-0000-4000-8000-000000000003;20000000-0000-4000-8000-000000000003;2026-10-26;OFFICE;09:00:00;17:00:00;Demo: autumn work schedule
d8200000-0000-4000-8000-002026102707;60000000-0000-4000-8000-000000000003;;2026-10-27;HOME;09:00:00;17:00:00;Demo: autumn work schedule
d8200000-0000-4000-8000-002026102807;60000000-0000-4000-8000-000000000003;20000000-0000-4000-8000-000000000003;2026-10-28;OFFICE;09:00:00;17:00:00;Demo: autumn work schedule
d8200000-0000-4000-8000-002026102907;60000000-0000-4000-8000-000000000003;20000000-0000-4000-8000-000000000003;2026-10-29;OFFICE;09:00:00;17:00:00;Demo: autumn work schedule
d8200000-0000-4000-8000-002026103007;60000000-0000-4000-8000-000000000003;20000000-0000-4000-8000-000000000003;2026-10-30;OFFICE;09:00:00;17:00:00;Demo: autumn work schedule
d8200000-0000-4000-8000-002026110207;60000000-0000-4000-8000-000000000003;20000000-0000-4000-8000-000000000003;2026-11-02;OFFICE;09:00:00;17:00:00;Demo: autumn work schedule
d8200000-0000-4000-8000-002026110307;60000000-0000-4000-8000-000000000003;;2026-11-03;HOME;09:00:00;17:00:00;Demo: autumn work schedule
d8200000-0000-4000-8000-002026110407;60000000-0000-4000-8000-000000000003;20000000-0000-4000-8000-000000000003;2026-11-04;OFFICE;09:00:00;17:00:00;Demo: autumn work schedule
d8200000-0000-4000-8000-002026110507;60000000-0000-4000-8000-000000000003;20000000-0000-4000-8000-000000000003;2026-11-05;OFFICE;09:00:00;17:00:00;Demo: autumn work schedule
d8200000-0000-4000-8000-002026110607;60000000-0000-4000-8000-000000000003;20000000-0000-4000-8000-000000000003;2026-11-06;OFFICE;09:00:00;17:00:00;Demo: autumn work schedule
d8200000-0000-4000-8000-002026110907;60000000-0000-4000-8000-000000000003;20000000-0000-4000-8000-000000000003;2026-11-09;OFFICE;09:00:00;17:00:00;Demo: autumn work schedule
d8200000-0000-4000-8000-002026111007;60000000-0000-4000-8000-000000000003;;2026-11-10;HOME;09:00:00;17:00:00;Demo: autumn work schedule
d8200000-0000-4000-8000-002026111107;60000000-0000-4000-8000-000000000003;20000000-0000-4000-8000-000000000003;2026-11-11;OFFICE;09:00:00;17:00:00;Demo: autumn work schedule
d8200000-0000-4000-8000-002026111207;60000000-0000-4000-8000-000000000003;20000000-0000-4000-8000-000000000003;2026-11-12;OFFICE;09:00:00;17:00:00;Demo: autumn work schedule
d8200000-0000-4000-8000-002026111307;60000000-0000-4000-8000-000000000003;20000000-0000-4000-8000-000000000003;2026-11-13;OFFICE;09:00:00;17:00:00;Demo: autumn work schedule
d8200000-0000-4000-8000-002026111607;60000000-0000-4000-8000-000000000003;20000000-0000-4000-8000-000000000003;2026-11-16;OFFICE;09:00:00;17:00:00;Demo: autumn work schedule
d8200000-0000-4000-8000-002026111707;60000000-0000-4000-8000-000000000003;;2026-11-17;HOME;09:00:00;17:00:00;Demo: autumn work schedule
d8200000-0000-4000-8000-002026111807;60000000-0000-4000-8000-000000000003;20000000-0000-4000-8000-000000000003;2026-11-18;OFFICE;09:00:00;17:00:00;Demo: autumn work schedule
d8200000-0000-4000-8000-002026111907;60000000-0000-4000-8000-000000000003;20000000-0000-4000-8000-000000000003;2026-11-19;OFFICE;09:00:00;17:00:00;Demo: autumn work schedule
d8200000-0000-4000-8000-002026112007;60000000-0000-4000-8000-000000000003;20000000-0000-4000-8000-000000000003;2026-11-20;OFFICE;09:00:00;17:00:00;Demo: autumn work schedule
d8200000-0000-4000-8000-002026092108;d6100000-0000-4000-8000-000000000005;20000000-0000-4000-8000-000000000003;2026-09-21;OFFICE;09:00:00;17:00:00;Demo: autumn work schedule
d8200000-0000-4000-8000-002026092208;d6100000-0000-4000-8000-000000000005;20000000-0000-4000-8000-000000000003;2026-09-22;OFFICE;09:00:00;17:00:00;Demo: autumn work schedule
d8200000-0000-4000-8000-002026092308;d6100000-0000-4000-8000-000000000005;;2026-09-23;HOME;09:00:00;17:00:00;Demo: autumn work schedule
d8200000-0000-4000-8000-002026092408;d6100000-0000-4000-8000-000000000005;20000000-0000-4000-8000-000000000003;2026-09-24;OFFICE;09:00:00;17:00:00;Demo: autumn work schedule
d8200000-0000-4000-8000-002026092508;d6100000-0000-4000-8000-000000000005;;2026-09-25;HOME;09:00:00;17:00:00;Demo: autumn work schedule
d8200000-0000-4000-8000-002026092808;d6100000-0000-4000-8000-000000000005;20000000-0000-4000-8000-000000000003;2026-09-28;OFFICE;09:00:00;17:00:00;Demo: autumn work schedule
d8200000-0000-4000-8000-002026092908;d6100000-0000-4000-8000-000000000005;20000000-0000-4000-8000-000000000003;2026-09-29;OFFICE;09:00:00;17:00:00;Demo: autumn work schedule
d8200000-0000-4000-8000-002026093008;d6100000-0000-4000-8000-000000000005;;2026-09-30;HOME;09:00:00;17:00:00;Demo: autumn work schedule
d8200000-0000-4000-8000-002026100108;d6100000-0000-4000-8000-000000000005;20000000-0000-4000-8000-000000000003;2026-10-01;OFFICE;09:00:00;17:00:00;Demo: autumn work schedule
d8200000-0000-4000-8000-002026100208;d6100000-0000-4000-8000-000000000005;;2026-10-02;HOME;09:00:00;17:00:00;Demo: autumn work schedule
d8200000-0000-4000-8000-002026100508;d6100000-0000-4000-8000-000000000005;20000000-0000-4000-8000-000000000003;2026-10-05;OFFICE;09:00:00;17:00:00;Demo: autumn work schedule
d8200000-0000-4000-8000-002026100608;d6100000-0000-4000-8000-000000000005;20000000-0000-4000-8000-000000000003;2026-10-06;OFFICE;09:00:00;17:00:00;Demo: autumn work schedule
d8200000-0000-4000-8000-002026100708;d6100000-0000-4000-8000-000000000005;;2026-10-07;HOME;09:00:00;17:00:00;Demo: autumn work schedule
d8200000-0000-4000-8000-002026100808;d6100000-0000-4000-8000-000000000005;20000000-0000-4000-8000-000000000003;2026-10-08;OFFICE;09:00:00;17:00:00;Demo: autumn work schedule
d8200000-0000-4000-8000-002026100908;d6100000-0000-4000-8000-000000000005;;2026-10-09;HOME;09:00:00;17:00:00;Demo: autumn work schedule
d8200000-0000-4000-8000-002026101208;d6100000-0000-4000-8000-000000000005;20000000-0000-4000-8000-000000000003;2026-10-12;OFFICE;09:00:00;17:00:00;Demo: autumn work schedule
d8200000-0000-4000-8000-002026101308;d6100000-0000-4000-8000-000000000005;20000000-0000-4000-8000-000000000003;2026-10-13;OFFICE;09:00:00;17:00:00;Demo: autumn work schedule
d8200000-0000-4000-8000-002026101408;d6100000-0000-4000-8000-000000000005;;2026-10-14;HOME;09:00:00;17:00:00;Demo: autumn work schedule
d8200000-0000-4000-8000-002026101508;d6100000-0000-4000-8000-000000000005;20000000-0000-4000-8000-000000000003;2026-10-15;OFFICE;09:00:00;17:00:00;Demo: autumn work schedule
d8200000-0000-4000-8000-002026101608;d6100000-0000-4000-8000-000000000005;;2026-10-16;HOME;09:00:00;17:00:00;Demo: autumn work schedule
d8200000-0000-4000-8000-002026101908;d6100000-0000-4000-8000-000000000005;20000000-0000-4000-8000-000000000003;2026-10-19;OFFICE;09:00:00;17:00:00;Demo: autumn work schedule
d8200000-0000-4000-8000-002026102008;d6100000-0000-4000-8000-000000000005;20000000-0000-4000-8000-000000000003;2026-10-20;OFFICE;09:00:00;17:00:00;Demo: autumn work schedule
d8200000-0000-4000-8000-002026102108;d6100000-0000-4000-8000-000000000005;;2026-10-21;HOME;09:00:00;17:00:00;Demo: autumn work schedule
d8200000-0000-4000-8000-002026102208;d6100000-0000-4000-8000-000000000005;20000000-0000-4000-8000-000000000003;2026-10-22;OFFICE;09:00:00;17:00:00;Demo: autumn work schedule
d8200000-0000-4000-8000-002026102308;d6100000-0000-4000-8000-000000000005;;2026-10-23;HOME;09:00:00;17:00:00;Demo: autumn work schedule
d8200000-0000-4000-8000-002026102608;d6100000-0000-4000-8000-000000000005;20000000-0000-4000-8000-000000000003;2026-10-26;OFFICE;09:00:00;17:00:00;Demo: autumn work schedule
d8200000-0000-4000-8000-002026102708;d6100000-0000-4000-8000-000000000005;20000000-0000-4000-8000-000000000003;2026-10-27;OFFICE;09:00:00;17:00:00;Demo: autumn work schedule
d8200000-0000-4000-8000-002026102808;d6100000-0000-4000-8000-000000000005;;2026-10-28;HOME;09:00:00;17:00:00;Demo: autumn work schedule
d8200000-0000-4000-8000-002026102908;d6100000-0000-4000-8000-000000000005;20000000-0000-4000-8000-000000000003;2026-10-29;OFFICE;09:00:00;17:00:00;Demo: autumn work schedule
d8200000-0000-4000-8000-002026103008;d6100000-0000-4000-8000-000000000005;;2026-10-30;HOME;09:00:00;17:00:00;Demo: autumn work schedule
d8200000-0000-4000-8000-002026110208;d6100000-0000-4000-8000-000000000005;20000000-0000-4000-8000-000000000003;2026-11-02;OFFICE;09:00:00;17:00:00;Demo: autumn work schedule
d8200000-0000-4000-8000-002026110308;d6100000-0000-4000-8000-000000000005;20000000-0000-4000-8000-000000000003;2026-11-03;OFFICE;09:00:00;17:00:00;Demo: autumn work schedule
d8200000-0000-4000-8000-002026110408;d6100000-0000-4000-8000-000000000005;;2026-11-04;HOME;09:00:00;17:00:00;Demo: autumn work schedule
d8200000-0000-4000-8000-002026110508;d6100000-0000-4000-8000-000000000005;20000000-0000-4000-8000-000000000003;2026-11-05;OFFICE;09:00:00;17:00:00;Demo: autumn work schedule
d8200000-0000-4000-8000-002026110608;d6100000-0000-4000-8000-000000000005;;2026-11-06;HOME;09:00:00;17:00:00;Demo: autumn work schedule
d8200000-0000-4000-8000-002026110908;d6100000-0000-4000-8000-000000000005;20000000-0000-4000-8000-000000000003;2026-11-09;OFFICE;09:00:00;17:00:00;Demo: autumn work schedule
d8200000-0000-4000-8000-002026111008;d6100000-0000-4000-8000-000000000005;20000000-0000-4000-8000-000000000003;2026-11-10;OFFICE;09:00:00;17:00:00;Demo: autumn work schedule
d8200000-0000-4000-8000-002026111108;d6100000-0000-4000-8000-000000000005;;2026-11-11;HOME;09:00:00;17:00:00;Demo: autumn work schedule
d8200000-0000-4000-8000-002026111208;d6100000-0000-4000-8000-000000000005;20000000-0000-4000-8000-000000000003;2026-11-12;OFFICE;09:00:00;17:00:00;Demo: autumn work schedule
d8200000-0000-4000-8000-002026111308;d6100000-0000-4000-8000-000000000005;;2026-11-13;HOME;09:00:00;17:00:00;Demo: autumn work schedule
d8200000-0000-4000-8000-002026111608;d6100000-0000-4000-8000-000000000005;20000000-0000-4000-8000-000000000003;2026-11-16;OFFICE;09:00:00;17:00:00;Demo: autumn work schedule
d8200000-0000-4000-8000-002026111708;d6100000-0000-4000-8000-000000000005;20000000-0000-4000-8000-000000000003;2026-11-17;OFFICE;09:00:00;17:00:00;Demo: autumn work schedule
d8200000-0000-4000-8000-002026111808;d6100000-0000-4000-8000-000000000005;;2026-11-18;HOME;09:00:00;17:00:00;Demo: autumn work schedule
d8200000-0000-4000-8000-002026111908;d6100000-0000-4000-8000-000000000005;20000000-0000-4000-8000-000000000003;2026-11-19;OFFICE;09:00:00;17:00:00;Demo: autumn work schedule
d8200000-0000-4000-8000-002026112008;d6100000-0000-4000-8000-000000000005;;2026-11-20;HOME;09:00:00;17:00:00;Demo: autumn work schedule
d8200000-0000-4000-8000-002026092109;d6100000-0000-4000-8000-000000000006;;2026-09-21;HOME;09:00:00;17:00:00;Demo: autumn work schedule
d8200000-0000-4000-8000-002026092209;d6100000-0000-4000-8000-000000000006;20000000-0000-4000-8000-000000000003;2026-09-22;OFFICE;09:00:00;17:00:00;Demo: autumn work schedule
d8200000-0000-4000-8000-002026092309;d6100000-0000-4000-8000-000000000006;20000000-0000-4000-8000-000000000003;2026-09-23;OFFICE;09:00:00;17:00:00;Demo: autumn work schedule
d8200000-0000-4000-8000-002026092409;d6100000-0000-4000-8000-000000000006;;2026-09-24;HOME;09:00:00;17:00:00;Demo: autumn work schedule
d8200000-0000-4000-8000-002026092509;d6100000-0000-4000-8000-000000000006;20000000-0000-4000-8000-000000000003;2026-09-25;OFFICE;09:00:00;17:00:00;Demo: autumn work schedule
d8200000-0000-4000-8000-002026092809;d6100000-0000-4000-8000-000000000006;;2026-09-28;HOME;09:00:00;17:00:00;Demo: autumn work schedule
d8200000-0000-4000-8000-002026092909;d6100000-0000-4000-8000-000000000006;20000000-0000-4000-8000-000000000003;2026-09-29;OFFICE;09:00:00;17:00:00;Demo: autumn work schedule
d8200000-0000-4000-8000-002026093009;d6100000-0000-4000-8000-000000000006;20000000-0000-4000-8000-000000000003;2026-09-30;OFFICE;09:00:00;17:00:00;Demo: autumn work schedule
d8200000-0000-4000-8000-002026100109;d6100000-0000-4000-8000-000000000006;;2026-10-01;HOME;09:00:00;17:00:00;Demo: autumn work schedule
d8200000-0000-4000-8000-002026100209;d6100000-0000-4000-8000-000000000006;20000000-0000-4000-8000-000000000003;2026-10-02;OFFICE;09:00:00;17:00:00;Demo: autumn work schedule
d8200000-0000-4000-8000-002026100509;d6100000-0000-4000-8000-000000000006;;2026-10-05;HOME;09:00:00;17:00:00;Demo: autumn work schedule
d8200000-0000-4000-8000-002026100609;d6100000-0000-4000-8000-000000000006;20000000-0000-4000-8000-000000000003;2026-10-06;OFFICE;09:00:00;17:00:00;Demo: autumn work schedule
d8200000-0000-4000-8000-002026100709;d6100000-0000-4000-8000-000000000006;20000000-0000-4000-8000-000000000003;2026-10-07;OFFICE;09:00:00;17:00:00;Demo: autumn work schedule
d8200000-0000-4000-8000-002026100809;d6100000-0000-4000-8000-000000000006;;2026-10-08;HOME;09:00:00;17:00:00;Demo: autumn work schedule
d8200000-0000-4000-8000-002026100909;d6100000-0000-4000-8000-000000000006;20000000-0000-4000-8000-000000000003;2026-10-09;OFFICE;09:00:00;17:00:00;Demo: autumn work schedule
d8200000-0000-4000-8000-002026101209;d6100000-0000-4000-8000-000000000006;;2026-10-12;HOME;09:00:00;17:00:00;Demo: autumn work schedule
d8200000-0000-4000-8000-002026101309;d6100000-0000-4000-8000-000000000006;20000000-0000-4000-8000-000000000003;2026-10-13;OFFICE;09:00:00;17:00:00;Demo: autumn work schedule
d8200000-0000-4000-8000-002026101409;d6100000-0000-4000-8000-000000000006;20000000-0000-4000-8000-000000000003;2026-10-14;OFFICE;09:00:00;17:00:00;Demo: autumn work schedule
d8200000-0000-4000-8000-002026101509;d6100000-0000-4000-8000-000000000006;;2026-10-15;HOME;09:00:00;17:00:00;Demo: autumn work schedule
d8200000-0000-4000-8000-002026101609;d6100000-0000-4000-8000-000000000006;20000000-0000-4000-8000-000000000003;2026-10-16;OFFICE;09:00:00;17:00:00;Demo: autumn work schedule
d8200000-0000-4000-8000-002026101909;d6100000-0000-4000-8000-000000000006;;2026-10-19;HOME;09:00:00;17:00:00;Demo: autumn work schedule
d8200000-0000-4000-8000-002026102009;d6100000-0000-4000-8000-000000000006;20000000-0000-4000-8000-000000000003;2026-10-20;OFFICE;09:00:00;17:00:00;Demo: autumn work schedule
d8200000-0000-4000-8000-002026102109;d6100000-0000-4000-8000-000000000006;20000000-0000-4000-8000-000000000003;2026-10-21;OFFICE;09:00:00;17:00:00;Demo: autumn work schedule
d8200000-0000-4000-8000-002026102209;d6100000-0000-4000-8000-000000000006;;2026-10-22;HOME;09:00:00;17:00:00;Demo: autumn work schedule
d8200000-0000-4000-8000-002026102309;d6100000-0000-4000-8000-000000000006;20000000-0000-4000-8000-000000000003;2026-10-23;OFFICE;09:00:00;17:00:00;Demo: autumn work schedule
d8200000-0000-4000-8000-002026102609;d6100000-0000-4000-8000-000000000006;;2026-10-26;HOME;09:00:00;17:00:00;Demo: autumn work schedule
d8200000-0000-4000-8000-002026102709;d6100000-0000-4000-8000-000000000006;20000000-0000-4000-8000-000000000003;2026-10-27;OFFICE;09:00:00;17:00:00;Demo: autumn work schedule
d8200000-0000-4000-8000-002026102809;d6100000-0000-4000-8000-000000000006;20000000-0000-4000-8000-000000000003;2026-10-28;OFFICE;09:00:00;17:00:00;Demo: autumn work schedule
d8200000-0000-4000-8000-002026102909;d6100000-0000-4000-8000-000000000006;;2026-10-29;HOME;09:00:00;17:00:00;Demo: autumn work schedule
d8200000-0000-4000-8000-002026103009;d6100000-0000-4000-8000-000000000006;20000000-0000-4000-8000-000000000003;2026-10-30;OFFICE;09:00:00;17:00:00;Demo: autumn work schedule
d8200000-0000-4000-8000-002026110209;d6100000-0000-4000-8000-000000000006;;2026-11-02;HOME;09:00:00;17:00:00;Demo: autumn work schedule
d8200000-0000-4000-8000-002026110309;d6100000-0000-4000-8000-000000000006;20000000-0000-4000-8000-000000000003;2026-11-03;OFFICE;09:00:00;17:00:00;Demo: autumn work schedule
d8200000-0000-4000-8000-002026110409;d6100000-0000-4000-8000-000000000006;20000000-0000-4000-8000-000000000003;2026-11-04;OFFICE;09:00:00;17:00:00;Demo: autumn work schedule
d8200000-0000-4000-8000-002026110509;d6100000-0000-4000-8000-000000000006;;2026-11-05;HOME;09:00:00;17:00:00;Demo: autumn work schedule
d8200000-0000-4000-8000-002026110609;d6100000-0000-4000-8000-000000000006;20000000-0000-4000-8000-000000000003;2026-11-06;OFFICE;09:00:00;17:00:00;Demo: autumn work schedule
d8200000-0000-4000-8000-002026110909;d6100000-0000-4000-8000-000000000006;;2026-11-09;HOME;09:00:00;17:00:00;Demo: autumn work schedule
d8200000-0000-4000-8000-002026111009;d6100000-0000-4000-8000-000000000006;20000000-0000-4000-8000-000000000003;2026-11-10;OFFICE;09:00:00;17:00:00;Demo: autumn work schedule
d8200000-0000-4000-8000-002026111109;d6100000-0000-4000-8000-000000000006;20000000-0000-4000-8000-000000000003;2026-11-11;OFFICE;09:00:00;17:00:00;Demo: autumn work schedule
d8200000-0000-4000-8000-002026111209;d6100000-0000-4000-8000-000000000006;;2026-11-12;HOME;09:00:00;17:00:00;Demo: autumn work schedule
d8200000-0000-4000-8000-002026111309;d6100000-0000-4000-8000-000000000006;20000000-0000-4000-8000-000000000003;2026-11-13;OFFICE;09:00:00;17:00:00;Demo: autumn work schedule
d8200000-0000-4000-8000-002026111609;d6100000-0000-4000-8000-000000000006;;2026-11-16;HOME;09:00:00;17:00:00;Demo: autumn work schedule
d8200000-0000-4000-8000-002026111709;d6100000-0000-4000-8000-000000000006;20000000-0000-4000-8000-000000000003;2026-11-17;OFFICE;09:00:00;17:00:00;Demo: autumn work schedule
d8200000-0000-4000-8000-002026111809;d6100000-0000-4000-8000-000000000006;20000000-0000-4000-8000-000000000003;2026-11-18;OFFICE;09:00:00;17:00:00;Demo: autumn work schedule
d8200000-0000-4000-8000-002026111909;d6100000-0000-4000-8000-000000000006;;2026-11-19;HOME;09:00:00;17:00:00;Demo: autumn work schedule
d8200000-0000-4000-8000-002026112009;d6100000-0000-4000-8000-000000000006;20000000-0000-4000-8000-000000000003;2026-11-20;OFFICE;09:00:00;17:00:00;Demo: autumn work schedule
