ID;company_ID;email;displayName;role;active;defaultSite_ID
60000000-0000-4000-8000-000000000001;10000000-0000-4000-8000-000000000001;anna@example.com;Anna Example;ADMIN;true;
60000000-0000-4000-8000-000000000002;10000000-0000-4000-8000-000000000001;max@example.de;Max Example;KEY_USER;true;
60000000-0000-4000-8000-000000000003;10000000-0000-4000-8000-000000000001;ola@example.com;Ola Example;USER;true;
d6100000-0000-4000-8000-000000000001;10000000-0000-4000-8000-000000000001;lena@example.de;Lena Fischer;USER;true;20000000-0000-4000-8000-000000000001
d6100000-0000-4000-8000-000000000002;10000000-0000-4000-8000-000000000001;jonas@example.de;Jonas Weber;USER;true;20000000-0000-4000-8000-000000000001
d6100000-0000-4000-8000-000000000003;10000000-0000-4000-8000-000000000001;emma@example.de;Emma Schneider;USER;true;20000000-0000-4000-8000-000000000002
d6100000-0000-4000-8000-000000000004;10000000-0000-4000-8000-000000000001;felix@example.de;Felix Bauer;USER;true;20000000-0000-4000-8000-000000000002
d6100000-0000-4000-8000-000000000005;10000000-0000-4000-8000-000000000001;marta@example.com;Marta Kowalska;USER;true;20000000-0000-4000-8000-000000000003
d6100000-0000-4000-8000-000000000006;10000000-0000-4000-8000-000000000001;piotr@example.com;Piotr Nowak;USER;true;20000000-0000-4000-8000-000000000003
