ID;team_ID;user_ID
71000000-0000-4000-8000-000000000001;70000000-0000-4000-8000-000000000001;60000000-0000-4000-8000-000000000001
71000000-0000-4000-8000-000000000002;70000000-0000-4000-8000-000000000001;60000000-0000-4000-8000-000000000002
71000000-0000-4000-8000-000000000003;70000000-0000-4000-8000-000000000001;60000000-0000-4000-8000-000000000003
d7100000-0000-4000-8000-000000000001;70000000-0000-4000-8000-000000000001;d6100000-0000-4000-8000-000000000001
d7100000-0000-4000-8000-000000000002;70000000-0000-4000-8000-000000000001;d6100000-0000-4000-8000-000000000002
d7100000-0000-4000-8000-000000000003;70000000-0000-4000-8000-000000000001;d6100000-0000-4000-8000-000000000003
d7100000-0000-4000-8000-000000000004;70000000-0000-4000-8000-000000000001;d6100000-0000-4000-8000-000000000004
d7100000-0000-4000-8000-000000000005;70000000-0000-4000-8000-000000000001;d6100000-0000-4000-8000-000000000005
d7100000-0000-4000-8000-000000000006;70000000-0000-4000-8000-000000000001;d6100000-0000-4000-8000-000000000006
